{
    "spa": {
        "1.0": 2076.817354056523,
        "2.0": 2154.8320999923562,
        "3.0": 2122.7057885159866,
        "4.0": 1969.8754195224367,
        "5.0": 2080.2355134705203,
        "6.0": 2002.0552742370885,
        "7.0": 2045.1074492793202,
        "8.0": 2075.82838537466,
        "9.0": 1961.4012119132015,
        "10.0": 2057.7855796210692
    },
    "optimal": {
        "1.0": 2105.9034201843056,
        "2.0": 2185.5354717514892,
        "3.0": 2152.9557417366623,
        "4.0": 1996.8975543715696,
        "5.0": 2109.3812037840585,
        "6.0": 2028.08985536485,
        "7.0": 2072.99849514189,
        "8.0": 2104.556991694552,
        "9.0": 1986.7756859826327,
        "10.0": 2086.4838886559633
    },
    "dts": {
        "1.0": 1007.4791052988783,
        "2.0": 862.2736062157298,
        "3.0": 776.839912284403,
        "4.0": 828.2305248222109,
        "5.0": 1007.4791052988783,
        "6.0": 1007.4791052988783,
        "7.0": 698.4954481473648,
        "8.0": 771.0840226994037,
        "9.0": 1007.4791052988783,
        "10.0": 651.1811292362097
    },
    "improved_dts": {
        "1.0": 651.0246480993706,
        "2.0": 664.0903134701437,
        "3.0": 637.1834037064577,
        "4.0": 639.5234478445876,
        "5.0": 632.411213738367,
        "6.0": 637.1197932909809,
        "7.0": 678.3224434785265,
        "8.0": 649.7016794175073,
        "9.0": 648.1484792106309,
        "10.0": 616.4360462048836
    }
}