{
    "spa": {
        "0.0": 2925.2940521637756,
        "2.0": 3478.218043003807,
        "4.0": 3422.8821422430233,
        "6.0": 3643.479684862822,
        "8.0": 3560.3739354754134,
        "10.0": 3721.9901409050244,
        "12.0": 3577.5487809329366,
        "14.0": 3607.1208050120927,
        "16.0": 3734.0309929895125,
        "18.0": 3665.9535750150503
    },
    "optimal": {
        "0.0": 3353.5452976320407,
        "2.0": 3535.4702094919053,
        "4.0": 3448.3758932629366,
        "6.0": 3669.957244478506,
        "8.0": 3582.63498088849,
        "10.0": 3739.118701073407,
        "12.0": 3593.251258988479,
        "14.0": 3610.670103282344,
        "16.0": 3737.798754255765,
        "18.0": 3669.833815854737
    },
    "dts": {
        "0.0": 1029.9837429071208,
        "2.0": 2547.4856520361245,
        "4.0": 2211.3837688465155,
        "6.0": 2074.8669436420573,
        "8.0": 2311.60490823287,
        "10.0": 2535.8186080767114,
        "12.0": 2466.8179312828775,
        "14.0": 2452.51780052566,
        "16.0": 2398.2404095824913,
        "18.0": 2646.7800092126736
    }
}