{
    "spa": {
        "0.0": 2316.903930292044,
        "2.0": 3095.401515491027,
        "4.0": 2940.936480685633,
        "6.0": 3007.051462490272,
        "8.0": 3102.7100534744236,
        "10.0": 3075.865916338741,
        "12.0": 3147.233239080758,
        "14.0": 3024.0702882952514,
        "16.0": 3071.730915027199,
        "18.0": 3196.3848626945814
    },
    "optimal": {
        "0.0": 2878.5199921749927,
        "2.0": 3138.104673745117,
        "4.0": 2980.50364675336,
        "6.0": 3040.775077207317,
        "8.0": 3130.9168172276213,
        "10.0": 3103.079238138869,
        "12.0": 3173.679946509122,
        "14.0": 3057.2147109680386,
        "16.0": 3104.743319842913,
        "18.0": 3231.2746206167185
    },
    "dts": {
        "0.0": 1387.8948250499088,
        "2.0": 1634.7601602494233,
        "4.0": 2151.7456404940285,
        "6.0": 2154.029938755737,
        "8.0": 2269.607313859847,
        "10.0": 2137.875198588551,
        "12.0": 1865.4352556052033,
        "14.0": 2762.995851402979,
        "16.0": 2248.5413552420127,
        "18.0": 2333.266612446294
    },
    "improved_dts": {
        "0.0": 1574.307640876747,
        "2.0": 2393.131426089831,
        "4.0": 2846.797597569092,
        "6.0": 2750.0987392982547,
        "8.0": 2849.4021962575544,
        "10.0": 2778.378736834059,
        "12.0": 2798.538813628182,
        "14.0": 2977.3794588455635,
        "16.0": 2769.108936590243,
        "18.0": 2964.0438684454825
    }
}