{
    "spa": {
        "0.0": 2124.052553524964,
        "2.0": 3253.844465314129,
        "4.0": 3381.5587688276487,
        "6.0": 3462.788096592017,
        "8.0": 3430.5282072758737,
        "10.0": 3530.8065836402557,
        "12.0": 3206.476981683703,
        "14.0": 3468.710769792079,
        "16.0": 4159.253778761594,
        "18.0": 3917.008901316361
    },
    "optimal": {
        "0.0": 3108.4335894294927,
        "2.0": 3278.786200325846,
        "4.0": 3399.5507584547063,
        "6.0": 3475.1997092598504,
        "8.0": 3448.073252598377,
        "10.0": 3552.626504270735,
        "12.0": 3222.9576107152798,
        "14.0": 3481.678319284289,
        "16.0": 4225.489241763995,
        "18.0": 3975.4192806720453
    },
    "dts": {
        "0.0": 243.71418148076373,
        "2.0": 2787.3879803229547,
        "4.0": 2609.996124903652,
        "6.0": 2250.960789731164,
        "8.0": 1968.5832380420263,
        "10.0": 1706.126876003547,
        "12.0": 1682.7078583035645,
        "14.0": 1986.0553602889395,
        "16.0": 1977.0420759823792,
        "18.0": 1858.2696599185451
    },
    "improved_dts": {
        "0.0": 276.6237006090102,
        "2.0": 1855.3403425307795,
        "4.0": 1796.7754754088587,
        "6.0": 1793.1815656144015,
        "8.0": 1833.776329732267,
        "10.0": 1946.198667447704,
        "12.0": 1734.2899666261742,
        "14.0": 1772.0939937935555,
        "16.0": 1793.9761187715471,
        "18.0": 1792.8446167291072
    }
}