{
    "spa": {
        "1.0": 2288.950013170162,
        "2.0": 2403.5257114988653,
        "3.0": 2390.2415132808287,
        "4.0": 2403.6184527123132,
        "5.0": 2237.733386165348,
        "6.0": 2440.7706013915863,
        "7.0": 2223.7810305786816,
        "8.0": 2223.4398812028453,
        "9.0": 2405.3364035861596,
        "10.0": 2288.950013170162
    },
    "optimal": {
        "1.0": 2513.339491185998,
        "2.0": 2513.339491185998,
        "3.0": 2497.929125211884,
        "4.0": 2462.913847803578,
        "5.0": 2293.455519650519,
        "6.0": 2500.1714909044667,
        "7.0": 2278.442132929414,
        "8.0": 2278.100983553578,
        "9.0": 2464.74254309904,
        "10.0": 2344.7857854985673
    },
    "dts": {
        "1.0": 807.3848407033923,
        "2.0": 807.3848407033923,
        "3.0": 807.3848407033923,
        "4.0": 724.4864904125125,
        "5.0": 706.7840404544766,
        "6.0": 724.4864904125125,
        "7.0": 621.7810669792565,
        "8.0": 692.1088586677398,
        "9.0": 679.870990103543,
        "10.0": 726.2710795902801
    }
}