{
    "spa": {
        "0.0": 1942.8107325304732,
        "1.0": 1660.596637899166,
        "2.0": 1373.860976836843,
        "3.0": 1362.3702887425532,
        "4.0": 1350.5337387425534,
        "5.0": 1331.6897088918079,
        "6.0": 1308.8342790781423,
        "7.0": 1256.6072614306513,
        "8.0": 1228.250592629481,
        "9.0": 1293.6873088918085,
        "10.0": 1255.1588036512333
    },
    "optimal": {
        "0.0": 2100.747943685851,
        "1.0": 1746.0673530997506,
        "2.0": 1612.0971453807904,
        "3.0": 1570.6245501126195,
        "4.0": 1466.316711779583,
        "5.0": 1401.5632741101674,
        "6.0": 1344.9686200202468,
        "7.0": 1264.7558912067414,
        "8.0": 1232.8337034089463,
        "9.0": 1298.9199281310823,
        "10.0": 1260.9728250281994
    },
    "dts": {
        "0.0": 791.0337527235308,
        "1.0": 454.7881716041124,
        "2.0": 222.201700200964,
        "3.0": 111.45473997264892,
        "4.0": 126.8038408358535,
        "5.0": 111.03904615384619,
        "6.0": 72.51483076923078,
        "7.0": 106.50544615384615,
        "8.0": 78.17898461538459,
        "9.0": 101.97184615384612,
        "10.0": 99.70504615384617
    },
    "improved_dts": {
        "0.0": 1411.560142143758,
        "1.0": 1151.2596921437585,
        "2.0": 877.3425591862662,
        "3.0": 800.9045125141465,
        "4.0": 730.2532000956205,
        "5.0": 752.7190867999836,
        "6.0": 778.7662828667158,
        "7.0": 772.6036180354557,
        "8.0": 768.6180180354536,
        "9.0": 735.513312794878,
        "10.0": 715.2558507158183
    }
}