{
    "spa": {
        "0.0": {
            "revenue": 2148.2057264077553,
            "energy_cost": 0.0,
            "profit": 2148.2057264077553
        },
        "0.5": {
            "revenue": 2153.0340463938933,
            "energy_cost": 82.96105999999993,
            "profit": 2070.0729863938936
        },
        "1.0": {
            "revenue": 2122.7271019349996,
            "energy_cost": 164.00316,
            "profit": 1958.7239419349978
        },
        "1.5": {
            "revenue": 2136.8732143246566,
            "energy_cost": 234.23839500000005,
            "profit": 1906.5091456578805
        },
        "2.0": {
            "revenue": 2213.1221963803887,
            "energy_cost": 275.98621,
            "profit": 1960.498258297971
        },
        "2.5": {
            "revenue": 2042.507031004708,
            "energy_cost": 398.6262250000003,
            "profit": 1767.9200641029913
        },
        "3.0": {
            "revenue": 1967.7146246557877,
            "energy_cost": 259.1433000000001,
            "profit": 1789.9343796669893
        },
        "3.5": {
            "revenue": 2041.821032333266,
            "energy_cost": 550.5115349999999,
            "profit": 1746.8609140354743
        },
        "4.0": {
            "revenue": 2069.9277057507898,
            "energy_cost": 630.7941000000001,
            "profit": 1763.0707074529992
        },
        "4.5": {
            "revenue": 2012.8094834870085,
            "energy_cost": 667.5966225,
            "profit": 1713.2756706495652
        },
        "5.0": {
            "revenue": 2183.9100379355054,
            "energy_cost": 791.990100000001,
            "profit": 1852.6284096377171
        },
        "5.5": {
            "revenue": 2186.3264271702974,
            "energy_cost": 876.8166824999997,
            "profit": 1841.6270199277385
        },
        "6.0": {
            "revenue": 2106.1436203270705,
            "energy_cost": 953.9025000000013,
            "profit": 1753.2578230845113
        },
        "6.5": {
            "revenue": 2075.4088979647777,
            "energy_cost": 1024.0538750000012,
            "profit": 1717.220549666989
        },
        "7.0": {
            "revenue": 2070.3678149487255,
            "energy_cost": 1081.6358,
            "profit": 1706.4708409499112
        },
        "7.5": {
            "revenue": 2214.644760297798,
            "energy_cost": 1198.7626500000003,
            "profit": 1823.5970955552386
        },
        "8.0": {
            "revenue": 2106.1436203270705,
            "energy_cost": 1271.8700000000003,
            "profit": 1710.88803308451
        },
        "8.5": {
            "revenue": 2130.1806702133417,
            "energy_cost": 1219.0093525000018,
            "profit": 1749.7862959738575
        },
        "9.0": {
            "revenue": 2185.3021975599186,
            "energy_cost": 1426.2040349999993,
            "profit": 1766.8921142621284
        },
        "9.5": {
            "revenue": 2053.3172733897327,
            "energy_cost": 1479.716532499999,
            "profit": 1637.743434741432
        },
        "10.0": {
            "revenue": 2214.4331005878207,
            "energy_cost": 1598.3073000000022,
            "profit": 1768.337923345266
        }
    }
}