{
    "spa": {
        "0.0": 2341.1948104802714,
        "1.0": 2161.4374775470865,
        "2.0": 1915.8935754236359,
        "3.0": 1977.2321222381954,
        "4.0": 1951.3884773471493,
        "5.0": 1848.9999354236215,
        "6.0": 1848.6635409801725,
        "7.0": 1824.9367039061892,
        "8.0": 1861.078222238182,
        "9.0": 1779.6359439061807,
        "10.0": 1737.5105354236373
    },
    "optimal": {
        "0.0": 2341.1948104802714,
        "1.0": 2213.3585193770996,
        "2.0": 1999.2772563445333,
        "3.0": 2019.2713774677936,
        "4.0": 1990.6595647621673,
        "5.0": 1869.6928613836133,
        "6.0": 1874.0598650577022,
        "7.0": 1870.9763482111873,
        "8.0": 1895.2394715756586,
        "9.0": 1818.0139300224942,
        "10.0": 1778.8963873435928
    },
    "dts": {
        "0.0": 1904.5735779098493,
        "1.0": 1652.0366218543625,
        "2.0": 1125.086956582989,
        "3.0": 1532.2190233223341,
        "4.0": 1511.0276233223346,
        "5.0": 1435.6544396968857,
        "6.0": 1306.4524897908716,
        "7.0": 1421.9876957113972,
        "8.0": 1122.8482167928896,
        "9.0": 988.4973239286126,
        "10.0": 1197.2591126266097
    }
}