{
    "UE_count": 600,
    "profit": [
        1721.0875197273424,
        1485.2030502110215,
        1448.3142603707279,
        1415.773939224594,
        1596.2941027229535,
        1503.774496646857,
        1473.3902313156873
    ],
    "normalizing_profit": 561.3464725813197
}